{
    "Version": "2012-10-17",
    "Statement": [
        {
            "Sid": "VisualEditor0",
            "Effect": "Allow",
            "Action": [
                "autoscaling:DescribeAutoScalingInstances",
                "autoscaling:UpdateAutoScalingGroup",
                "cloudformation:DescribeStacks",
                "ec2:AttachNetworkInterface",
                "ec2:DescribeInstances",
                "ec2:DetachNetworkInterface",
                "ec2:ResetNetworkInterfaceAttribute",
                "ec2:ModifyNetworkInterfaceAttribute",
                "ec2:DeleteNetworkInterface",
                "ec2:CreateNetworkInterface",
                "ec2:DescribeNetworkInterfaces",
                "ec2:DescribeRouteTables",
                "lambda:InvokeFunction",
                "route53:*"
            ],
            "Resource": "*"
        },
        {
            "Sid": "VisualEditor1",
            "Effect": "Allow",
            "Action": "logs:*",
            "Resource": "arn:aws:logs:*:*:*"
        },
        {
            "Sid": "VisualEditor2",
            "Effect": "Allow",
            "Action": "s3:*",
            "Resource": "arn:aws:s3:::*"
        },
        {
            "Sid": "VisualEditor3",
            "Effect": "Allow",
            "Action": "kinesis:*",
            "Resource": "arn:aws:kinesis:*:*:*"
        },
        {
            "Sid": "VisualEditor4",
            "Effect": "Allow",
            "Action": "sns:*",
            "Resource": "arn:aws:sns:*:*:*"
        },
        {
            "Sid": "VisualEditor5",
            "Effect": "Allow",
            "Action": "sqs:*",
            "Resource": "arn:aws:sqs:*:*:*"
        },
        {
            "Sid": "VisualEditor6",
            "Effect": "Allow",
            "Action": "dynamodb:*",
            "Resource": "arn:aws:dynamodb:*:*:*"
        }
    ]
}