{
  "dev": {
    "aws_region": "us-east-1",
    "apigateway_enabled": true,
    "apigateway_description": "Fortigate Autoscale Gateway",
    "django_settings": "fgtautoscale.settings",
    "s3_bucket": "accelerate-config",
    "project_name": "n1-Lambda-1XDMNYGI9GNQJ-function",
    "project_description": "n1-Lambda-1XDMNYGI9GNQJ project",
    "lambda_description": "n1-Lambda-1XDMNYGI9GNQJ Autoscale Lambda Function",
    "cloudwatch_log_level": "CRITICAL",
    "debug": false,
    "log_level": "CRITICAL",
    "manage_roles": false,
    "role_name": "FgtAutoScaleRole-n1-Lambda-1XDMNYGI9GNQJ-us-east-1",
    "role_arn": "arn:aws:iam::123073262904:role/FgtAutoScaleRole-n1-Lambda-1XDMNYGI9GNQJ-us-east-1",
    "environment_variables": {
      "region": "us-east-1",
      "stack": "fgt-lambda-autoscale"
    },
    "events": [
      {
        "function": "fgtautoscale.views.start_scheduled",
        "expression": "rate(1 minute)"
      }
    ],
    "certificate_arn" : "arn:aws:acm:us-east-1:123073262904:certificate/a979a888-cd56-42a9-9d1c-4ca494597b1c",
    "lets_encrypt_key": "aws-dg.key",
    "timeout_seconds": 150,
    "runtime": "python2.7",
    "route53_enabled": true,
    "domain": "apigateway.fortidevelopment.com"
  }
}
